User,,,,,,
user_id,username,password,email,phone,role,
#U001,Maximum,Max12345,john@example.com,812345678,admin,
#U002,Wafer,EZ1234,jane@example.com,898765432,admin,
#U003,KhonE3,GotE3,gotjitag@gmail.com,623456789,buyer,
#U004,BlazeThorn  ,X7T2F9R  ,jacksonblue@gmail.com  ,991234567,seller,
#U005,MysticVoyager  ,P4M6C8X  ,lilyrose87@gmail.com  ,834567890,buyer,
#U006,CrimsonAce  ,L5W2R9T  ,michaeljames32@gmail.com  ,619876543,buyer  ,
#U007,IronSentinel  ,N6F3Y7M  ,sophiadark45@gmail.com  ,843216789,seller  ,
#U008,FrostBane  ,K8X9P2T  ,brandonx19@gmail.com  ,965432101,buyer  ,
#U009,PhantomRift  ,R7L5M6X  ,emilygrace77@gmail.com  ,822223333,seller  ,
#U010,LunarAegis  ,F3Y9C2T  ,oliver12345@gmail.com  ,911114444,seller  ,
#U011,ShadowStride  ,V4N6P7R  ,sarahjones78@gmail.com  ,865556666,buyer  ,
#U012,EchoKnight  ,M5T9W3L  ,nathanblack76@gmail.com  ,637894561,buyer  ,
#U013,ArcanePulse  ,K3P7R9X  ,kaitlynwhite99@gmail.com  ,986543210,seller  ,
#U014,NovaSpire  ,X6F4Y8R  ,davidjones27@gmail.com  ,661234321,seller  ,
#U015,ThunderVeil  ,T7M9C5W  ,hannahblue21@gmail.com  ,899876543,buyer  ,
#U016,SkyboundWolf  ,R3P5L9T  ,danielmorris56@gmail.com  ,644567890,buyer  ,
#U017,NightHarbinger  ,N7F6Y3X  ,lucygreen88@gmail.com  ,973216548,seller  ,
#U018,EmberVanguard  ,M8W9T2F  ,christopher45@gmail.com  ,856781234,buyer  ,
#U019,VoidWarden  ,K4R9X7P  ,graceevans23@gmail.com  ,678901234,seller  ,
#U020,GlimmerSpecter  ,L5T8C9M  ,jacobbrown34@gmail.com  ,811119999,buyer  ,
#U021,StarbornFang  ,N2R7F3Y  ,avaallen67@gmail.com  ,922228888,buyer  ,
#U022,CelestialHawk  ,X6M4P9R  ,olivernash92@gmail.com  ,884447777,seller  ,
#U023,ShatterWing  ,T3Y7W9L  ,matthewgreen71@gmail.com  ,659990001,seller  ,
#U024,SapphireBolt  ,R8M5X9C  ,scarlettmoore56@gmail.com  ,938887777,buyer  ,
#U025,SilentGlide  ,N6T4P7F  ,jacksonwhite42@gmail.com  ,863216549,buyer  ,
#U026,NebulaHunter  ,K2Y9L5W  ,emilybrown11@gmail.com  ,998884444,seller  ,
#U027,EternalDrift  ,X7R3F9M  ,noahwilliams68@gmail.com  ,826665555,seller  ,
#U028,EmberLynx  ,T5W8P6L  ,sofiawest21@gmail.com  ,893336666,buyer  ,
#U029,ChaosHarpoon  ,M9Y4T2R  ,matthewking45@gmail.com  ,615552222,seller  ,
#U030,StarlitBane  ,K7X3F6P  ,harperallen34@gmail.com  ,847778888,buyer  ,
#U031,SolarPhantom  ,L9N8C3M  ,graceharper89@gmail.com  ,950001111,seller  ,
#U032,ArcticHalo  ,X4T5Y7F  ,danielscott23@gmail.com  ,909998888,buyer  ,
#U033,ThunderClaw  ,R3P6M9T  ,sophiataylor11@gmail.com  ,876541230,buyer  ,
#U034,FrostEmber  ,N2F5R7X  ,williamking56@gmail.com  ,649997777,seller  ,
#U035,AshenWarden  ,K6T8P9L  ,lucydean34@gmail.com  ,895553333,seller  ,
#U036,MysticRanger  ,L7Y5R4C  ,emilyjones67@gmail.com  ,662221111,buyer  ,
#U037,AbyssHunter  ,T9M6X3P  ,samuelgreen23@gmail.com  ,821234567,seller  ,
#U038,DreamCrafter  ,R4Y7F9M  ,lilyjohnson45@gmail.com  ,912345678,buyer  ,
#U039,CrimsonBloom  ,N8L3T6P  ,olivermiller91@gmail.com  ,809876543,buyer  ,
#U040,GalaxyReaver  ,K7X5M2R  ,benjaminwest89@gmail.com  ,954321987,seller  ,
#U041,ZenithWolf  ,L9F4T3Y  ,maddielee78@gmail.com  ,936789123,seller  ,
#U042,GlacialEagle  ,X6T7M8R  ,hannahthomas56@gmail.com  ,687891234,buyer  ,
#U043,VortexFury  ,R2P5C9W  ,matthewtaylor31@gmail.com  ,943210987,buyer  ,
#U044,AetherStrike  ,N7Y6M3T  ,scarlettreed76@gmail.com  ,881234321,seller  ,
#U045,ShadowTempest  ,K3X9L5F  ,jacksonmartin89@gmail.com  ,621112222,seller  ,
#U046,StarSeeker  ,L8T9P4Y  ,sofiabrown42@gmail.com  ,994443333,buyer  ,
#U047,SolsticeFang  ,X7M2F6R  ,lucywalker11@gmail.com  ,855678912,seller  ,
#U048,IronDrifter  ,T5Y8X9L  ,noahyoung92@gmail.com  ,830001112,buyer  ,
#U049,RadiantWarden  ,R9N7C3P  ,emilyparker43@gmail.com  ,916665555,buyer  ,
#U050,SkyPiercer  ,N2F5T8M  ,williamharris23@gmail.com  ,869876543,seller  ,
#U051,FrozenMistral  ,K6T9R7L  ,lilyking12@gmail.com  ,675432101,seller  ,
#U052,ChaosArcher  ,L4P3M9Y  ,jamesallen67@gmail.com  ,843210987,buyer  ,
#U053,FlameSpecter  ,X5Y7T8R  ,danielmoore56@gmail.com  ,921113333,seller  ,
#U054,SilentViper  ,T6F9P4N  ,scarlettcameron90@gmail.com  ,894445555,buyer  ,
#U055,TempestRider  ,R8L5M7X  ,matthewvaughn34@gmail.com  ,631239876,buyer  ,
#U056,EchoFlare  ,N3P6T2Y  ,lucymartin76@gmail.com  ,975559999,seller  ,
#U057,SolarFrost  ,K9T7X5L  ,benjamindavis21@gmail.com  ,908761234,seller  ,
#U058,FrostWhisper  ,L4R9F6M  ,avaedwards32@gmail.com  ,827894561,buyer  ,
#U059,EmberVoid  ,X8Y5T3P  ,sophiacarter23@gmail.com  ,910001234,seller  ,
#U060,IceVanguard  ,T7N9R6L  ,jacksonlewis11@gmail.com  ,813335555,buyer  ,
#U061,StellarLynx  ,R5P4X3M  ,gracejames67@gmail.com  ,952224444,buyer  ,
#U062,VoidBreaker  ,N2M6Y7F  ,noahjackson89@gmail.com  ,866789123,seller  ,
#U063,CrimsonHalo  ,K9T8X5R  ,emilyrobinson45@gmail.com  ,895432109,seller  ,
#U064,Starforge  ,L6P9T7Y  ,williamallen23@gmail.com  ,993218765,buyer  ,
#U065,SkyHaven  ,X7R5F3M  ,madisongreen54@gmail.com  ,635556666,buyer  ,
#U066,ShadowTracer  ,T3Y9P4L  ,olivertaylor89@gmail.com  ,842223333,seller  ,
#U067,PhantomThief  ,R6N8M7F  ,scarlettjohnson67@gmail.com  ,974447777,seller  ,
#U068,GlacialWraith  ,N5T9X3R  ,danielwilliam22@gmail.com  ,901112223,buyer  ,
#U069,NovaHowl  ,K7Y2L6P  ,sofiarichardson32@gmail.com  ,688765432,buyer  ,
#U070,ThunderDusk  ,L4M5X9T  ,noahmartin21@gmail.com  ,886541230,seller  ,
#U071,AstralBlade  ,X8T7R2F  ,lilybrown34@gmail.com  ,623459876,buyer  ,
#U072,RiftHarbinger  ,R9P6N7Y  ,graceharris98@gmail.com  ,910005678,seller  ,
#U073,ChaosNova  ,N7M3Y6X  ,matthewjames43@gmail.com  ,895559999,buyer  ,
#U074,RadiantDrake  ,K5L9R8T  ,jacksonedwards12@gmail.com  ,851239876,buyer  ,
#U075,AbyssFang  ,L6Y7X5P  ,emilydavis56@gmail.com  ,814448888,seller  ,
#U076,BlazeCrest  ,X9T3F6R  ,samuelroberts98@gmail.com  ,933334444,buyer  ,
#U077,IcebornKnight  ,T8M7Y9L  ,scarlettmorris77@gmail.com  ,665550000,seller  ,
#U078,SolRider  ,R3N2P5M  ,williamthomas34@gmail.com  ,901234321,buyer  ,
#U079,CelestialQuill  ,N9T7X5Y  ,lucyowen23@gmail.com  ,836789123,seller  ,
#U080,EchoSpear  ,K4F6R8T  ,benjaminmoore67@gmail.com  ,849998888,buyer  ,
#U081,ThunderWing  ,L5M2P9X  ,graceyoung89@gmail.com  ,925554444,buyer  ,
#U082,LunarShade  ,X7T3N5R  ,harperharris32@gmail.com  ,871234567,seller  ,
#U083,MysticEmber  ,R9Y8F7M  ,matthewyoung12@gmail.com  ,962223333,seller  ,
#U084,NightWatcher  ,N5X6L7T  ,sofiablake98@gmail.com  ,897775555,buyer  ,
#U085,CrimsonSky  ,K9T4P3R  ,lucywalker11@gmail.com  ,669990001,seller  ,
#U086,TempestHowl  ,L7X5M9Y  ,jacksonmartin56@gmail.com  ,828886666,buyer  ,
#U087,ShardRaven  ,X8T9F6P  ,scarlettrobinson23@gmail.com  ,941239876,seller  ,
#U088,SilentForge  ,T3M7L5R  ,danielowen89@gmail.com  ,990001112,buyer  ,
#U089,FrostEcho  ,R6N9Y3F  ,emilyyoung67@gmail.com  ,864447777,buyer  ,
#U090,NovaThorn  ,N4P7T2X  ,sofiawilliam32@gmail.com  ,919876543,seller  ,
#U091,RiftAegis  ,K5R9Y8T  ,noahparker76@gmail.com  ,651234321,seller  ,
#U092,GlacialHaven  ,L6M3X7P  ,gracemoore21@gmail.com  ,815552223,buyer  ,
#U093,VortexShard  ,X7T5R9M  ,michaelbaker98@gmail.com  ,898884444,buyer  ,
#U094,EmberDrift  ,T9Y3F6N  ,scarlettmiller23@gmail.com  ,935556666,seller  ,
#U095,ChaosHaven  ,R4P8L7T  ,williamdavis12@gmail.com  ,834567890,seller  ,
#U096,ArcticBlaze  ,N9X5M6Y  ,lucyroberts34@gmail.com  ,905551234,buyer  ,
#U097,SolsticeFury  ,K3T9R7P  ,jacksonmoore43@gmail.com  ,876549876,seller  ,
#U098,AbyssWing  ,L5Y8T6F  ,matthewwhite67@gmail.com  ,943215678,buyer  ,
#U099,ThunderNova  ,X9M2R7T  ,benjaminparker76@gmail.com  ,658882222,buyer  ,
#U100,NightProwler  ,T4N6X9P  ,sofiabaker21@gmail.com  ,891234789,seller  ,
#U101,StellarRaven  ,R7M3Y9L  ,olivermoore98@gmail.com  ,625554433,buyer  ,
#U102,IronSpecter  ,N6T8F5P  ,samuelwilliam32@gmail.com  ,816782345,seller  ,
#U103,ShadowLance  ,K9X7L2R  ,hannahmiller23@gmail.com  ,921230987,buyer  ,
#U104,SkyWarden  ,L3T5Y9F  ,lilyparker76@gmail.com  ,867776543,buyer  ,
#U105,PhantomGale  ,X7P9R3M  ,gracemorris56@gmail.com  ,993218765,seller  ,
#U106,RiftStrider  ,T6Y2L7X  ,jacksonjohnson43@gmail.com  ,812346789,seller  ,
#U107,LunarQuiver  ,R8N9F5M  ,sophiathompson21@gmail.com  ,631230000,buyer  ,
#U108,FrostHawk  ,N4T6Y3P  ,noahdavis23@gmail.com  ,659876543,buyer  ,
#U109,AetherFang  ,K5M9T7R  ,matthewdavis89@gmail.com  ,815558888,seller  ,
#U110,CrimsonHowl  ,L7X2Y5T  ,scarlettparker45@gmail.com  ,954321234,seller  ,
#U111,NovaVoyager  ,X9R3M8F  ,danielrichardson78@gmail.com  ,909995555,buyer  ,
#U112,VortexEdge  ,T4N7P5L  ,lucygreen32@gmail.com  ,945551234,seller  ,
#U113,EchoReaver  ,R9Y8M6X  ,williamwhite89@gmail.com  ,971234567,buyer  ,
#U114,SolarShade  ,N7T5X2R  ,sophiacameron23@gmail.com  ,805556789,buyer  ,
#U115,ArcticHaven  ,K6F3L9T  ,olivertaylor56@gmail.com  ,924445678,seller  ,
#U116,ThunderLoom  ,L7Y3T9P  ,emilymorris32@gmail.com  ,856784321,seller  ,
#U117,SilentDagger  ,X5R9M6Y  ,jacksonharris11@gmail.com  ,889876543,buyer  ,
#U118,GlacialHowl  ,T2N7X5F  ,graceyoung76@gmail.com  ,909871234,seller  ,
#U119,RadiantCrest  ,R8L9T4M  ,matthewrobinson45@gmail.com  ,895556789,buyer  ,
#U120,ChaosRider  ,N5Y3T9X  ,lilyedwards23@gmail.com  ,961235555,buyer  ,
#U121,MysticSoul  ,K4M6P2L  ,sofiaroberts67@gmail.com  ,667778888,seller  ,
#U122,StarVanguard  ,L9R5T8X  ,danielparker12@gmail.com  ,623334444,buyer  ,
#U123,EmberFrost  ,X7T3F9R  ,scarlettwilliam32@gmail.com  ,945550001,seller  ,
#U124,SkyFang  ,T8M9Y6L  ,michaelthomas98@gmail.com  ,652223333,buyer  ,
#U125,ShadowWarden  ,R7X5N2P  ,olivermorris43@gmail.com  ,978889999,buyer  ,
#U126,VoidQuill  ,N3Y9T7F  ,lucyallen67@gmail.com  ,817771234,seller  ,
#U127,TempestWisp  ,K8L5M9X  ,matthewgreen89@gmail.com  ,901119876,buyer  ,
#U128,EternalLoom  ,L2R6T9P  ,williamreed12@gmail.com  ,854325678,seller  ,
#U129,AstralViper  ,X7T5N3Y  ,hannahwilliam78@gmail.com  ,998885555,buyer  ,
#U130,SolsticeBane  ,T4F9X7M  ,gracelake67@gmail.com  ,819876543,seller  ,
#U131,FlameScribe  ,R9L3Y5T  ,samuelthompson45@gmail.com  ,631112222,buyer  ,
#U132,RiftCrest  ,N2X6M9T  ,sofiawilliam56@gmail.com  ,894445678,buyer  ,
#U133,PhantomDagger  ,K7T9Y5P  ,jacksonedwards32@gmail.com  ,911231234,seller  ,
#U134,ThunderBolt  ,L8R3F9X  ,lilyroberts78@gmail.com  ,961113333,seller  ,
#U135,AetherWing  ,X5T6M7R  ,rainbowstar99@gmail.com  ,935551111,buyer  ,
#U136,IronHaven  ,T9N3Y7P  ,clevershade22@gmail.com  ,629876543,buyer  ,
#U137,FrostStrider  ,R6L2F9X  ,wildwolf23@gmail.com  ,905554444,seller  ,
#U138,CrimsonVanguard  ,N7T5P9Y  ,silverfox12@gmail.com  ,851234567,buyer  ,
#U139,ChaosWisp  ,K9X3M6R  ,braveeagle44@gmail.com  ,971231234,seller  ,
#U140,StarCrest  ,L6T7Y9M  ,purplefire56@gmail.com  ,857776543,buyer  ,
#U141,MysticTempest  ,X5R2P9T  ,sunnyday88@gmail.com  ,901235555,seller  ,
#U142,VoidBane  ,T9N8F7L  ,blacktiger77@gmail.com  ,812349876,buyer  ,
#U143,GlimmerWing  ,R4M3X6Y  ,glitteringmoon33@gmail.com  ,990006666,buyer  ,
#U144,ShadowEclipse  ,N9T7P2L  ,redphoenix55@gmail.com  ,630009999,seller  ,
#U145,AbyssNova  ,K5X7Y3T  ,sweetdream34@gmail.com  ,944443333,buyer  ,
#U146,SkyVanguard  ,L9R6T5M  ,darkstorm66@gmail.com  ,653219876,seller  ,
#U147,FlameHunter  ,X3T8Y9P  ,goldenhawk89@gmail.com  ,892229999,buyer  ,
#U148,LunarHowl  ,T5N4R6M  ,icybreeze01@gmail.com  ,818885555,seller  ,
#U149,ArcticSpire  ,R7L9X3Y  ,luckyseeds23@gmail.com  ,921236789,buyer  ,
#U150,BlazeHawk  ,N6T8P7X  ,mysticshadow77@gmail.com  ,908765432,buyer  ,
#U151,EternalEcho  ,K9T5Y3M  ,greenwave55@gmail.com  ,985559999,seller  ,
#U152,StellarForge  ,L4R6T9F  ,starlightz22@gmail.com  ,654321234,seller  ,
#U153,NightShard  ,X5P9T3Y  ,blueocean32@gmail.com  ,951112345,buyer  ,
#U154,SilentThorn  ,T7M9N6X  ,thundercloud56@gmail.com  ,801112222,buyer  ,
#U155,NovaFury  ,R9F5L3T  ,silentwind98@gmail.com  ,948887777,seller  ,
#U156,RiftBlaze  ,N8Y2P6R  ,goldenflame44@gmail.com  ,871239876,buyer  ,
#U157,FrostWing  ,K7T3X9M  ,darksun44@gmail.com  ,964441234,seller  ,
#U158,TempestVoid  ,L5R9Y7T  ,radiantsky88@gmail.com  ,865553333,buyer  ,
#U159,CelestialPulse  ,X6T8F5P  ,clearsky77@gmail.com  ,991112222,seller  ,
#U160,PhantomFlare  ,T9N7Y3L  ,whitemagic99@gmail.com  ,894449999,buyer  ,
#U161,ThunderGale  ,R2M6T7P  ,blacknwhite55@gmail.com  ,811235555,buyer  ,
#U162,GlacialShatter  ,N5X9R3T  ,powerstorm78@gmail.com  ,923337777,seller  ,
#U163,CrimsonRift  ,K8Y7T5M  ,redfire23@gmail.com  ,909879876,seller  ,
#U164,ShadowForge  ,L6F9P7X  ,moonlightfox11@gmail.com  ,931114444,buyer  ,
#U165,IronWing  ,X7T4Y3R  ,icywater56@gmail.com  ,976543210,buyer  ,
#U166,ArcticBolt  ,T5N8P9M  ,burningwood33@gmail.com  ,953335555,seller  ,
#U167,SolsticeFlare  ,R6X3Y9T  ,sunsetglow77@gmail.com  ,849876543,seller  ,
#U168,VoidEcho  ,X9T7R5M  ,greenearth22@gmail.com  ,681115555,buyer  ,
#U169,FlameProwler  ,P8N6F9T  ,pureheart33@gmail.com  ,922224444,buyer  ,
#U170,NightShade  ,L3Y7C9X  ,redsky88@gmail.com  ,651119876,seller  ,
#U171,ChaosPulse  ,N5R9T2M  ,shininglight99@gmail.com  ,971112345,seller  ,
#U172,FrostShard  ,K6X7T5Y  ,twilightfire22@gmail.com  ,819998888,buyer  ,
#U173,MysticHunter  ,R8L2M3P  ,glowingmoon44@gmail.com  ,877775555,buyer  ,
#U174,ShadowCrest  ,T9Y7F3R  ,freewind88@gmail.com  ,989876543,seller  ,
#U175,EmberShade  ,M5X4T8P  ,dreamcatcher12@gmail.com  ,956664444,seller  ,
#U176,RiftWarden  ,K3L9R7T  ,waterfall54@gmail.com  ,941113333,buyer  ,
#U177,StellarNova  ,L6M5Y8X  ,braveheart99@gmail.com  ,905557777,buyer  ,
#U178,AstralRider  ,T7F9R3N  ,wildspirit76@gmail.com  ,842221111,seller  ,
#U179,SilentGale  ,X4T5P8M  ,blueshadow45@gmail.com  ,893216548,buyer  ,
#U180,VoidSpecter  ,R9Y6L7T  ,stonewall99@gmail.com  ,625553333,seller  ,
#U181,GlimmerHaven  ,N3M8P7X  ,darkknight77@gmail.com  ,923335555,buyer  ,
#U182,SolarEdge  ,K6F2T9Y  ,sparklelight21@gmail.com  ,937771234,buyer  ,
#U183,ChaosDrake  ,L5R3M9T  ,brightfuture33@gmail.com  ,973334444,seller  ,
#U184,NovaForge  ,X9Y7T4P  ,goldenrose44@gmail.com  ,981237890,seller  ,
#U185,FrostFury  ,T8N6F3R  ,tigerheart99@gmail.com  ,854445555,buyer  ,
#U186,ThunderHowl  ,R7L2M5X  ,whiteshadow76@gmail.com  ,878887777,seller  ,
#U187,LunarCrest  ,N4T9Y3P  ,sunnydawn66@gmail.com  ,945554444,buyer  ,
#U188,PhantomEdge  ,K8X6R7F  ,fieryspirit44@gmail.com  ,656662222,buyer  ,
#U189,RiftWing  ,L5Y9T4M  ,stealthynight12@gmail.com  ,909995555,seller  ,
#U190,TempestBolt  ,T7F3R8X  ,thunderstrike88@gmail.com  ,990009999,seller  ,
#U191,StarShade  ,X2M9N6T  ,darkwave77@gmail.com  ,812341234,buyer  ,
#U192,AetherHowl  ,P5R8Y7T  ,gentlemind44@gmail.com  ,862223333,buyer  ,
#U193,SilentRift  ,L9M6T3X  ,risingphoenix99@gmail.com  ,975550001,seller  ,
#U194,EmberCrest  ,R4F7Y5P  ,clearsight56@gmail.com  ,924449876,seller  ,
#U195,VoidWing  ,N8X6T9Y  ,midnightflame88@gmail.com  ,635551234,buyer  ,
#U196,ChaosWarden  ,K3L5M7T  ,mysticmist33@gmail.com  ,657774444,seller  ,
#U197,GlacialEdge  ,T9X4F3R  ,goldsun22@gmail.com  ,938881111,buyer  ,
#U198,CrimsonEclipse  ,X7T6M5P  ,dreamyblue33@gmail.com  ,889879876,buyer  ,
#U199,LunarScribe  ,P9R2Y8L  ,darkbeacon44@gmail.com  ,961234321,seller  ,
#U200,AstralFury  ,N5T9X3M  ,purelight33@gmail.com  ,973211234,seller  ,